CREATE DATABASE  IF NOT EXISTS `tecnorobot` /*!40100 DEFAULT CHARACTER SET utf8 */ /*!80016 DEFAULT ENCRYPTION='N' */;
USE `tecnorobot`;
-- MySQL dump 10.13  Distrib 8.0.25, for Win64 (x86_64)
--
-- Host: localhost    Database: tecnorobot
-- ------------------------------------------------------
-- Server version	8.0.25

/*!40101 SET @OLD_CHARACTER_SET_CLIENT=@@CHARACTER_SET_CLIENT */;
/*!40101 SET @OLD_CHARACTER_SET_RESULTS=@@CHARACTER_SET_RESULTS */;
/*!40101 SET @OLD_COLLATION_CONNECTION=@@COLLATION_CONNECTION */;
/*!50503 SET NAMES utf8 */;
/*!40103 SET @OLD_TIME_ZONE=@@TIME_ZONE */;
/*!40103 SET TIME_ZONE='+00:00' */;
/*!40014 SET @OLD_UNIQUE_CHECKS=@@UNIQUE_CHECKS, UNIQUE_CHECKS=0 */;
/*!40014 SET @OLD_FOREIGN_KEY_CHECKS=@@FOREIGN_KEY_CHECKS, FOREIGN_KEY_CHECKS=0 */;
/*!40101 SET @OLD_SQL_MODE=@@SQL_MODE, SQL_MODE='NO_AUTO_VALUE_ON_ZERO' */;
/*!40111 SET @OLD_SQL_NOTES=@@SQL_NOTES, SQL_NOTES=0 */;

--
-- Table structure for table `cart_product`
--

DROP TABLE IF EXISTS `cart_product`;
/*!40101 SET @saved_cs_client     = @@character_set_client */;
/*!50503 SET character_set_client = utf8mb4 */;
CREATE TABLE `cart_product` (
  `id` int NOT NULL AUTO_INCREMENT,
  `cart_id` int DEFAULT NULL,
  `product_id` int DEFAULT NULL,
  `createdAt` date DEFAULT NULL,
  `updatedAt` date DEFAULT NULL,
  PRIMARY KEY (`id`),
  KEY `cart_id_idx` (`cart_id`),
  KEY `product_id_idx` (`product_id`),
  CONSTRAINT `cart_id` FOREIGN KEY (`cart_id`) REFERENCES `carts` (`id`),
  CONSTRAINT `product_id` FOREIGN KEY (`product_id`) REFERENCES `products` (`id`)
) ENGINE=InnoDB DEFAULT CHARSET=utf8mb3;
/*!40101 SET character_set_client = @saved_cs_client */;

--
-- Dumping data for table `cart_product`
--

LOCK TABLES `cart_product` WRITE;
/*!40000 ALTER TABLE `cart_product` DISABLE KEYS */;
/*!40000 ALTER TABLE `cart_product` ENABLE KEYS */;
UNLOCK TABLES;

--
-- Table structure for table `carts`
--

DROP TABLE IF EXISTS `carts`;
/*!40101 SET @saved_cs_client     = @@character_set_client */;
/*!50503 SET character_set_client = utf8mb4 */;
CREATE TABLE `carts` (
  `id` int NOT NULL AUTO_INCREMENT,
  `user_id` int DEFAULT NULL,
  `total` decimal(10,2) NOT NULL,
  `createdAt` date DEFAULT NULL,
  `updatedAt` date DEFAULT NULL,
  PRIMARY KEY (`id`),
  KEY `user_id_idx` (`user_id`),
  CONSTRAINT `user_id` FOREIGN KEY (`user_id`) REFERENCES `users` (`id`)
) ENGINE=InnoDB DEFAULT CHARSET=utf8mb3;
/*!40101 SET character_set_client = @saved_cs_client */;

--
-- Dumping data for table `carts`
--

LOCK TABLES `carts` WRITE;
/*!40000 ALTER TABLE `carts` DISABLE KEYS */;
/*!40000 ALTER TABLE `carts` ENABLE KEYS */;
UNLOCK TABLES;

--
-- Table structure for table `categories`
--

DROP TABLE IF EXISTS `categories`;
/*!40101 SET @saved_cs_client     = @@character_set_client */;
/*!50503 SET character_set_client = utf8mb4 */;
CREATE TABLE `categories` (
  `id` int NOT NULL AUTO_INCREMENT,
  `name` varchar(255) NOT NULL,
  `createdAt` date DEFAULT NULL,
  `updatedAt` date DEFAULT NULL,
  PRIMARY KEY (`id`)
) ENGINE=InnoDB AUTO_INCREMENT=3 DEFAULT CHARSET=utf8mb3;
/*!40101 SET character_set_client = @saved_cs_client */;

--
-- Dumping data for table `categories`
--

LOCK TABLES `categories` WRITE;
/*!40000 ALTER TABLE `categories` DISABLE KEYS */;
INSERT INTO `categories` VALUES (1,'Hogar',NULL,NULL),(2,'Bienestar',NULL,NULL);
/*!40000 ALTER TABLE `categories` ENABLE KEYS */;
UNLOCK TABLES;

--
-- Table structure for table `currencies`
--

DROP TABLE IF EXISTS `currencies`;
/*!40101 SET @saved_cs_client     = @@character_set_client */;
/*!50503 SET character_set_client = utf8mb4 */;
CREATE TABLE `currencies` (
  `id` int NOT NULL AUTO_INCREMENT,
  `name` varchar(45) DEFAULT NULL,
  `symbol` varchar(45) NOT NULL,
  `createdAt` date DEFAULT NULL,
  `updatedAt` date DEFAULT NULL,
  PRIMARY KEY (`id`)
) ENGINE=InnoDB AUTO_INCREMENT=3 DEFAULT CHARSET=utf8mb3 COMMENT='					';
/*!40101 SET character_set_client = @saved_cs_client */;

--
-- Dumping data for table `currencies`
--

LOCK TABLES `currencies` WRITE;
/*!40000 ALTER TABLE `currencies` DISABLE KEYS */;
INSERT INTO `currencies` VALUES (1,'Peso Uruguayo','U$',NULL,NULL),(2,'Dolares Americanos','U$S',NULL,NULL);
/*!40000 ALTER TABLE `currencies` ENABLE KEYS */;
UNLOCK TABLES;

--
-- Table structure for table `products`
--

DROP TABLE IF EXISTS `products`;
/*!40101 SET @saved_cs_client     = @@character_set_client */;
/*!50503 SET character_set_client = utf8mb4 */;
CREATE TABLE `products` (
  `id` int NOT NULL AUTO_INCREMENT,
  `name` varchar(255) DEFAULT NULL,
  `currency_id` int DEFAULT NULL,
  `price` decimal(10,2) DEFAULT NULL,
  `category_id` int DEFAULT NULL,
  `freeShipping` tinyint(1) DEFAULT NULL,
  `isPublished` tinyint(1) DEFAULT NULL,
  `isFeatured` tinyint(1) DEFAULT NULL,
  `mainImage` varchar(255) DEFAULT NULL,
  `gallery` varchar(400) DEFAULT NULL,
  `description` varchar(400) DEFAULT NULL,
  `isDeleted` tinyint(1) DEFAULT NULL,
  `createdAt` date DEFAULT NULL,
  `updatedAt` date DEFAULT NULL,
  PRIMARY KEY (`id`),
  KEY `currency_id_idx` (`currency_id`),
  KEY `category_id_idx` (`category_id`),
  CONSTRAINT `category_id` FOREIGN KEY (`category_id`) REFERENCES `categories` (`id`),
  CONSTRAINT `currency_id` FOREIGN KEY (`currency_id`) REFERENCES `currencies` (`id`)
) ENGINE=InnoDB AUTO_INCREMENT=222 DEFAULT CHARSET=utf8mb3;
/*!40101 SET character_set_client = @saved_cs_client */;

--
-- Dumping data for table `products`
--

LOCK TABLES `products` WRITE;
/*!40000 ALTER TABLE `products` DISABLE KEYS */;
INSERT INTO `products` VALUES (3,'Robot',1,200.00,2,1,1,1,'/images/product.jpg','[\"img1\",\"img2\",\"img3\"]','Robot limpiador',1,'2022-02-14','2022-02-17'),(5,'Adria',2,280.00,2,1,0,0,'https://robohash.org/veroutvelit.png?size=50x50&set=set1','[\"img1.webp\",\"img2.webp\",\"img3.webp\"]','Nullam sit amet turpis elementum ligula vehicula consequat. Morbi a ipsum. Integer a nibh.',NULL,'2021-10-26','2021-04-12'),(7,'Corny',1,958.00,1,1,0,1,'https://robohash.org/omnisvoluptatumeum.png?size=50x50&set=set1','[\"img1.webp\",\"img2.webp\",\"img3.webp\"]','Integer ac leo. Pellentesque ultrices mattis odio. Donec vitae nisi.',1,'2021-12-09','2022-02-17'),(8,'Corny',1,958.00,1,1,0,1,'https://robohash.org/omnisvoluptatumeum.png?size=50x50&set=set1','[\"img1.webp\",\"img2.webp\",\"img3.webp\"]','Integer ac leo. Pellentesque ultrices mattis odio. Donec vitae nisi.',1,'2021-12-09','2022-02-17'),(9,'Nicola',2,416.00,2,0,1,0,'https://robohash.org/laboredictamolestiae.png?size=50x50&set=set1','[]','Proin eu mi. Nulla ac enim. In tempor, turpis nec euismod scelerisque, quam turpis adipiscing lorem, vitae mattis nibh ligula nec sem.',1,'2021-10-10','2022-02-17'),(10,'Hermy',2,312.00,1,0,1,0,'https://robohash.org/estteneturratione.png?size=50x50&set=set1','[\"img1.webp\",\"img2.webp\",\"img3.webp\"]','Aenean fermentum. Donec ut mauris eget massa tempor convallis. Nulla neque libero, convallis eget, eleifend luctus, ultricies eu, nibh.',1,'2021-04-28','2022-02-17'),(11,'Eduard',2,386.00,1,1,0,1,'https://robohash.org/eatemporaeos.png?size=50x50&set=set1','[]','Morbi non lectus. Aliquam sit amet diam in magna bibendum imperdiet. Nullam orci pede, venenatis non, sodales sed, tincidunt eu, felis.',1,'2021-05-10','2022-02-17'),(12,'Dosi',1,996.00,2,1,0,1,'https://robohash.org/modiuteius.png?size=50x50&set=set1','[\"img1.webp\",\"img2.webp\",\"img3.webp\"]','Proin interdum mauris non ligula pellentesque ultrices. Phasellus id sapien in sapien iaculis congue. Vivamus metus arcu, adipiscing molestie, hendrerit at, vulputate vitae, nisl.',0,'2021-11-12','2021-04-30'),(13,'Culley',1,127.00,1,1,0,0,'https://robohash.org/doloribusducimusfacere.png?size=50x50&set=set1','[\"img1.webp\",\"img2.webp\",\"img3.webp\"]','Quisque porta volutpat erat. Quisque erat eros, viverra eget, congue eget, semper rutrum, nulla. Nunc purus.',1,'2021-08-09','2022-02-17'),(14,'Jonah',2,557.00,2,1,0,0,'https://robohash.org/molestiaeiustovoluptas.png?size=50x50&set=set1','[\"img1.webp\",\"img2.webp\",\"img3.webp\"]','Lorem ipsum dolor sit amet, consectetuer adipiscing elit. Proin risus. Praesent lectus.',1,'2021-10-03','2022-02-17'),(15,'Westleigh',1,164.00,1,0,0,1,'https://robohash.org/eiusvoluptatemaliquid.png?size=50x50&set=set1','[\"img1.webp\",\"img2.webp\",\"img3.webp\"]','Nulla ut erat id mauris vulputate elementum. Nullam varius. Nulla facilisi.',1,'2021-10-08','2022-02-17'),(16,'Marcus',2,311.00,1,0,0,1,'https://robohash.org/perferendisreiciendisvoluptatum.png?size=50x50&set=set1','[\"img1.webp\",\"img2.webp\",\"img3.webp\"]','Phasellus sit amet erat. Nulla tempus. Vivamus in felis eu sapien cursus vestibulum.',0,'2021-08-09','2021-07-10'),(17,'Barton',1,993.00,1,1,0,1,'https://robohash.org/repellatnonincidunt.png?size=50x50&set=set1','[\"img1.webp\",\"img2.webp\",\"img3.webp\"]','Integer ac leo. Pellentesque ultrices mattis odio. Donec vitae nisi.',0,'2021-05-29','2021-05-19'),(18,'Eadith',2,786.00,1,1,1,1,'https://robohash.org/officianatusquidem.png?size=50x50&set=set1','[\"img1.webp\",\"img2.webp\",\"img3.webp\"]','Proin leo odio, porttitor id, consequat in, consequat ut, nulla. Sed accumsan felis. Ut at dolor quis odio consequat varius.',0,'2021-08-15','2021-08-12'),(19,'Olimpia',2,341.00,2,1,1,0,'https://robohash.org/velerrorquibusdam.png?size=50x50&set=set1','[\"img1.webp\",\"img2.webp\",\"img3.webp\"]','Curabitur at ipsum ac tellus semper interdum. Mauris ullamcorper purus sit amet nulla. Quisque arcu libero, rutrum ac, lobortis vel, dapibus at, diam.',0,'2021-07-20','2021-09-08'),(20,'Andonis',1,884.00,1,0,1,0,'https://robohash.org/placeatmagnamlaudantium.png?size=50x50&set=set1','[\"img1.webp\",\"img2.webp\",\"img3.webp\"]','Duis bibendum. Morbi non quam nec dui luctus rutrum. Nulla tellus.',0,'2021-11-05','2021-06-20'),(21,'Kurtis',1,277.00,2,0,1,1,'https://robohash.org/quipariaturdebitis.png?size=50x50&set=set1','[\"img1.webp\",\"img2.webp\",\"img3.webp\"]','Phasellus sit amet erat. Nulla tempus. Vivamus in felis eu sapien cursus vestibulum.',0,'2021-11-24','2021-08-13'),(22,'Jamima',1,773.00,2,1,1,0,'https://robohash.org/omnisnatussint.png?size=50x50&set=set1','[\"img1.webp\",\"img2.webp\",\"img3.webp\"]','Etiam vel augue. Vestibulum rutrum rutrum neque. Aenean auctor gravida sem.',0,'2021-11-13','2022-02-12'),(23,'Alisander',1,995.00,2,0,0,0,'https://robohash.org/maiorestotammodi.png?size=50x50&set=set1','[\"img1.webp\",\"img2.webp\",\"img3.webp\"]','Curabitur in libero ut massa volutpat convallis. Morbi odio odio, elementum eu, interdum eu, tincidunt in, leo. Maecenas pulvinar lobortis est.',0,'2021-09-27','2021-11-11'),(24,'Meggi',1,762.00,1,1,1,1,'https://robohash.org/sitenimsit.png?size=50x50&set=set1','[\"img1.webp\",\"img2.webp\",\"img3.webp\"]','Fusce posuere felis sed lacus. Morbi sem mauris, laoreet ut, rhoncus aliquet, pulvinar sed, nisl. Nunc rhoncus dui vel sem.',0,'2021-04-28','2021-12-21'),(25,'Jacquenetta',2,790.00,2,0,0,1,'https://robohash.org/magnietquas.png?size=50x50&set=set1','[\"img1.webp\",\"img2.webp\",\"img3.webp\"]','Etiam vel augue. Vestibulum rutrum rutrum neque. Aenean auctor gravida sem.',0,'2021-02-28','2021-05-28'),(26,'Fletcher',1,642.00,2,1,1,0,'https://robohash.org/consequunturfacerenihil.png?size=50x50&set=set1','[\"img1.webp\",\"img2.webp\",\"img3.webp\"]','Integer tincidunt ante vel ipsum. Praesent blandit lacinia erat. Vestibulum sed magna at nunc commodo placerat.',0,'2021-07-29','2021-06-14'),(27,'Erna',2,222.00,2,1,0,0,'https://robohash.org/quaseoseligendi.png?size=50x50&set=set1','[\"img1.webp\",\"img2.webp\",\"img3.webp\"]','Quisque id justo sit amet sapien dignissim vestibulum. Vestibulum ante ipsum primis in faucibus orci luctus et ultrices posuere cubilia Curae; Nulla dapibus dolor vel est. Donec odio justo, sollicitudin ut, suscipit a, feugiat et, eros.',0,'2021-07-10','2021-02-15'),(28,'Judas',2,253.00,1,1,1,1,'https://robohash.org/quiaaccusamusipsam.png?size=50x50&set=set1','[\"img1.webp\",\"img2.webp\",\"img3.webp\"]','Suspendisse potenti. In eleifend quam a odio. In hac habitasse platea dictumst.',0,'2022-02-06','2021-06-27'),(29,'Scarlett',2,926.00,1,0,1,0,'https://robohash.org/nostrumutet.png?size=50x50&set=set1','[\"img1.webp\",\"img2.webp\",\"img3.webp\"]','In hac habitasse platea dictumst. Morbi vestibulum, velit id pretium iaculis, diam erat fermentum justo, nec condimentum neque sapien placerat ante. Nulla justo.',0,'2021-08-27','2022-01-30'),(30,'Standford',1,392.00,2,1,0,1,'https://robohash.org/rationeconsequunturnumquam.png?size=50x50&set=set1','[\"img1.webp\",\"img2.webp\",\"img3.webp\"]','Sed ante. Vivamus tortor. Duis mattis egestas metus.',0,'2021-04-20','2021-07-03'),(31,'Margret',1,615.00,1,0,0,1,'https://robohash.org/ealaudantiumut.png?size=50x50&set=set1','[\"img1.webp\",\"img2.webp\",\"img3.webp\"]','Etiam vel augue. Vestibulum rutrum rutrum neque. Aenean auctor gravida sem.',0,'2022-01-14','2021-07-01'),(32,'Wendy',2,303.00,1,0,0,0,'https://robohash.org/velitpossimusest.png?size=50x50&set=set1','[\"img1.webp\",\"img2.webp\",\"img3.webp\"]','Curabitur at ipsum ac tellus semper interdum. Mauris ullamcorper purus sit amet nulla. Quisque arcu libero, rutrum ac, lobortis vel, dapibus at, diam.',0,'2022-02-02','2021-05-23'),(33,'Rowney',1,661.00,1,0,0,1,'https://robohash.org/animiconsequaturconsequatur.png?size=50x50&set=set1','[\"img1.webp\",\"img2.webp\",\"img3.webp\"]','In sagittis dui vel nisl. Duis ac nibh. Fusce lacus purus, aliquet at, feugiat non, pretium quis, lectus.',0,'2021-04-02','2021-02-19'),(34,'Clem',1,618.00,2,0,0,1,'https://robohash.org/quidemetdoloremque.png?size=50x50&set=set1','[\"img1.webp\",\"img2.webp\",\"img3.webp\"]','Phasellus in felis. Donec semper sapien a libero. Nam dui.',0,'2021-12-08','2021-10-24'),(35,'Lethia',2,624.00,2,0,0,0,'https://robohash.org/voluptatumnesciuntest.png?size=50x50&set=set1','[\"img1.webp\",\"img2.webp\",\"img3.webp\"]','Phasellus in felis. Donec semper sapien a libero. Nam dui.',0,'2021-05-29','2021-07-21'),(36,'Pip',1,568.00,2,1,1,1,'https://robohash.org/nequeexplicabocorporis.png?size=50x50&set=set1','[\"img1.webp\",\"img2.webp\",\"img3.webp\"]','Fusce consequat. Nulla nisl. Nunc nisl.',0,'2022-02-10','2021-04-29'),(37,'Anneliese',2,141.00,2,0,1,0,'https://robohash.org/distinctiorepellatet.png?size=50x50&set=set1','[\"img1.webp\",\"img2.webp\",\"img3.webp\"]','Etiam vel augue. Vestibulum rutrum rutrum neque. Aenean auctor gravida sem.',0,'2021-05-15','2021-03-13'),(38,'Olenolin',1,109.00,2,0,1,1,'https://robohash.org/idofficiaet.png?size=50x50&set=set1','[\"img1.webp\",\"img2.webp\",\"img3.webp\"]','Maecenas tristique, est et tempus semper, est quam pharetra magna, ac consequat metus sapien ut nunc. Vestibulum ante ipsum primis in faucibus orci luctus et ultrices posuere cubilia Curae; Mauris viverra diam vitae quam. Suspendisse potenti.',0,'2021-04-29','2021-07-06'),(39,'Jorrie',1,885.00,1,0,1,0,'https://robohash.org/eumnecessitatibusdolores.png?size=50x50&set=set1','[\"img1.webp\",\"img2.webp\",\"img3.webp\"]','Phasellus in felis. Donec semper sapien a libero. Nam dui.',0,'2021-12-26','2021-10-13'),(40,'Hatty',1,417.00,2,1,0,1,'https://robohash.org/autperspiciatissaepe.png?size=50x50&set=set1','[\"img1.webp\",\"img2.webp\",\"img3.webp\"]','Quisque id justo sit amet sapien dignissim vestibulum. Vestibulum ante ipsum primis in faucibus orci luctus et ultrices posuere cubilia Curae; Nulla dapibus dolor vel est. Donec odio justo, sollicitudin ut, suscipit a, feugiat et, eros.',0,'2021-03-18','2021-06-27'),(41,'Berny',1,870.00,2,1,1,0,'https://robohash.org/remestquidem.png?size=50x50&set=set1','[\"img1.webp\",\"img2.webp\",\"img3.webp\"]','In congue. Etiam justo. Etiam pretium iaculis justo.',0,'2021-03-25','2021-07-06'),(42,'Karim',2,488.00,2,1,1,0,'https://robohash.org/omnisinventoreea.png?size=50x50&set=set1','[\"img1.webp\",\"img2.webp\",\"img3.webp\"]','Etiam vel augue. Vestibulum rutrum rutrum neque. Aenean auctor gravida sem.',0,'2021-08-13','2021-06-28'),(43,'Briano',2,685.00,2,0,1,1,'https://robohash.org/eiusprovidentfugit.png?size=50x50&set=set1','[\"img1.webp\",\"img2.webp\",\"img3.webp\"]','Nullam sit amet turpis elementum ligula vehicula consequat. Morbi a ipsum. Integer a nibh.',0,'2022-02-02','2021-05-16'),(44,'Elbert',2,415.00,2,1,1,0,'https://robohash.org/quamsuntsit.png?size=50x50&set=set1','[\"img1.webp\",\"img2.webp\",\"img3.webp\"]','Fusce consequat. Nulla nisl. Nunc nisl.',0,'2021-12-28','2021-08-13'),(45,'Jenni',2,453.00,1,1,0,1,'https://robohash.org/ullaminvoluptas.png?size=50x50&set=set1','[\"img1.webp\",\"img2.webp\",\"img3.webp\"]','Duis aliquam convallis nunc. Proin at turpis a pede posuere nonummy. Integer non velit.',0,'2021-11-06','2021-11-25'),(46,'Alyssa',1,479.00,1,0,0,1,'https://robohash.org/laborumautemeius.png?size=50x50&set=set1','[\"img1.webp\",\"img2.webp\",\"img3.webp\"]','Morbi non lectus. Aliquam sit amet diam in magna bibendum imperdiet. Nullam orci pede, venenatis non, sodales sed, tincidunt eu, felis.',0,'2021-12-26','2021-06-28'),(47,'Anne-marie',1,722.00,2,0,1,1,'https://robohash.org/quasimolestiasoccaecati.png?size=50x50&set=set1','[\"img1.webp\",\"img2.webp\",\"img3.webp\"]','Praesent id massa id nisl venenatis lacinia. Aenean sit amet justo. Morbi ut odio.',0,'2021-10-01','2021-09-01'),(48,'Northrop',2,993.00,2,1,0,1,'https://robohash.org/commodiquoaut.png?size=50x50&set=set1','[\"img1.webp\",\"img2.webp\",\"img3.webp\"]','Vestibulum quam sapien, varius ut, blandit non, interdum in, ante. Vestibulum ante ipsum primis in faucibus orci luctus et ultrices posuere cubilia Curae; Duis faucibus accumsan odio. Curabitur convallis.',0,'2022-02-13','2021-12-24'),(49,'Romain',2,793.00,2,0,0,1,'https://robohash.org/autadimpedit.png?size=50x50&set=set1','[\"img1.webp\",\"img2.webp\",\"img3.webp\"]','Cras mi pede, malesuada in, imperdiet et, commodo vulputate, justo. In blandit ultrices enim. Lorem ipsum dolor sit amet, consectetuer adipiscing elit.',0,'2021-10-09','2022-02-06'),(50,'Sean',1,555.00,1,0,0,0,'https://robohash.org/distinctiovelitexercitationem.png?size=50x50&set=set1','[\"img1.webp\",\"img2.webp\",\"img3.webp\"]','Curabitur in libero ut massa volutpat convallis. Morbi odio odio, elementum eu, interdum eu, tincidunt in, leo. Maecenas pulvinar lobortis est.',0,'2022-02-04','2021-09-28'),(51,'Lynnell',2,479.00,2,0,1,1,'https://robohash.org/etnobisplaceat.png?size=50x50&set=set1','[\"img1.webp\",\"img2.webp\",\"img3.webp\"]','Fusce posuere felis sed lacus. Morbi sem mauris, laoreet ut, rhoncus aliquet, pulvinar sed, nisl. Nunc rhoncus dui vel sem.',0,'2021-07-31','2021-11-16'),(52,'Timothy',2,922.00,2,0,0,0,'https://robohash.org/inciduntsequivoluptas.png?size=50x50&set=set1','[\"img1.webp\",\"img2.webp\",\"img3.webp\"]','Suspendisse potenti. In eleifend quam a odio. In hac habitasse platea dictumst.',0,'2021-03-28','2022-01-21'),(53,'Link',2,243.00,2,0,0,0,'https://robohash.org/adipiscifacereporro.png?size=50x50&set=set1','[\"img1.webp\",\"img2.webp\",\"img3.webp\"]','Quisque id justo sit amet sapien dignissim vestibulum. Vestibulum ante ipsum primis in faucibus orci luctus et ultrices posuere cubilia Curae; Nulla dapibus dolor vel est. Donec odio justo, sollicitudin ut, suscipit a, feugiat et, eros.',0,'2021-03-11','2021-11-29'),(54,'Patsy',2,850.00,1,0,1,0,'https://robohash.org/possimusomnisaperiam.png?size=50x50&set=set1','[\"img1.webp\",\"img2.webp\",\"img3.webp\"]','Phasellus sit amet erat. Nulla tempus. Vivamus in felis eu sapien cursus vestibulum.',0,'2021-05-20','2021-07-23'),(55,'Carena',2,498.00,1,0,0,0,'https://robohash.org/etdoloremullam.png?size=50x50&set=set1','[\"img1.webp\",\"img2.webp\",\"img3.webp\"]','Morbi non lectus. Aliquam sit amet diam in magna bibendum imperdiet. Nullam orci pede, venenatis non, sodales sed, tincidunt eu, felis.',0,'2021-05-21','2021-05-14'),(56,'Liva',1,879.00,2,0,1,0,'https://robohash.org/etsitbeatae.png?size=50x50&set=set1','[\"img1.webp\",\"img2.webp\",\"img3.webp\"]','Maecenas leo odio, condimentum id, luctus nec, molestie sed, justo. Pellentesque viverra pede ac diam. Cras pellentesque volutpat dui.',0,'2021-08-15','2021-03-11'),(57,'Adrienne',2,245.00,1,1,0,0,'https://robohash.org/evenietutrepellat.png?size=50x50&set=set1','[\"img1.webp\",\"img2.webp\",\"img3.webp\"]','Maecenas leo odio, condimentum id, luctus nec, molestie sed, justo. Pellentesque viverra pede ac diam. Cras pellentesque volutpat dui.',0,'2021-11-06','2021-09-21'),(58,'Jinny',1,409.00,2,0,0,1,'https://robohash.org/nihilveritatisa.png?size=50x50&set=set1','[\"img1.webp\",\"img2.webp\",\"img3.webp\"]','Duis aliquam convallis nunc. Proin at turpis a pede posuere nonummy. Integer non velit.',0,'2021-09-12','2021-09-21'),(59,'Janeva',2,894.00,2,0,1,0,'https://robohash.org/voluptatemsequiqui.png?size=50x50&set=set1','[\"img1.webp\",\"img2.webp\",\"img3.webp\"]','Nulla ut erat id mauris vulputate elementum. Nullam varius. Nulla facilisi.',0,'2021-11-11','2021-06-18'),(60,'Loy',1,687.00,1,0,0,1,'https://robohash.org/optioautemeum.png?size=50x50&set=set1','[\"img1.webp\",\"img2.webp\",\"img3.webp\"]','In quis justo. Maecenas rhoncus aliquam lacus. Morbi quis tortor id nulla ultrices aliquet.',0,'2021-04-05','2021-05-28'),(61,'Tonya',1,901.00,1,0,0,0,'https://robohash.org/illorecusandaeoptio.png?size=50x50&set=set1','[\"img1.webp\",\"img2.webp\",\"img3.webp\"]','Curabitur gravida nisi at nibh. In hac habitasse platea dictumst. Aliquam augue quam, sollicitudin vitae, consectetuer eget, rutrum at, lorem.',0,'2021-06-25','2021-11-10'),(62,'Sibylle',1,734.00,2,1,0,0,'https://robohash.org/quorepellendusrerum.png?size=50x50&set=set1','[\"img1.webp\",\"img2.webp\",\"img3.webp\"]','Proin eu mi. Nulla ac enim. In tempor, turpis nec euismod scelerisque, quam turpis adipiscing lorem, vitae mattis nibh ligula nec sem.',0,'2022-01-08','2022-01-20'),(63,'Rickie',2,290.00,2,1,0,0,'https://robohash.org/velitnonarchitecto.png?size=50x50&set=set1','[\"img1.webp\",\"img2.webp\",\"img3.webp\"]','Integer tincidunt ante vel ipsum. Praesent blandit lacinia erat. Vestibulum sed magna at nunc commodo placerat.',0,'2022-01-12','2022-01-06'),(64,'Ailee',1,639.00,2,1,1,0,'https://robohash.org/rerumdeseruntaut.png?size=50x50&set=set1','[\"img1.webp\",\"img2.webp\",\"img3.webp\"]','Aenean fermentum. Donec ut mauris eget massa tempor convallis. Nulla neque libero, convallis eget, eleifend luctus, ultricies eu, nibh.',0,'2021-07-29','2022-01-08'),(65,'Aldric',2,373.00,1,0,0,1,'https://robohash.org/voluptatemomnisqui.png?size=50x50&set=set1','[\"img1.webp\",\"img2.webp\",\"img3.webp\"]','Etiam vel augue. Vestibulum rutrum rutrum neque. Aenean auctor gravida sem.',0,'2021-08-12','2021-09-06'),(66,'Peri',2,605.00,2,0,1,1,'https://robohash.org/facilisdelectusquo.png?size=50x50&set=set1','[\"img1.webp\",\"img2.webp\",\"img3.webp\"]','Proin leo odio, porttitor id, consequat in, consequat ut, nulla. Sed accumsan felis. Ut at dolor quis odio consequat varius.',0,'2021-04-17','2021-07-28'),(67,'Shannah',1,829.00,1,1,1,0,'https://robohash.org/assumendaconsequunturvoluptatem.png?size=50x50&set=set1','[\"img1.webp\",\"img2.webp\",\"img3.webp\"]','Etiam vel augue. Vestibulum rutrum rutrum neque. Aenean auctor gravida sem.',0,'2021-06-19','2022-01-07'),(68,'Rina',2,234.00,2,0,1,0,'https://robohash.org/quisquamcupiditateeum.png?size=50x50&set=set1','[\"img1.webp\",\"img2.webp\",\"img3.webp\"]','Aenean fermentum. Donec ut mauris eget massa tempor convallis. Nulla neque libero, convallis eget, eleifend luctus, ultricies eu, nibh.',0,'2021-11-19','2021-08-23'),(69,'Callean',1,715.00,1,0,0,0,'https://robohash.org/aliasetreprehenderit.png?size=50x50&set=set1','[\"img1.webp\",\"img2.webp\",\"img3.webp\"]','Nam ultrices, libero non mattis pulvinar, nulla pede ullamcorper augue, a suscipit nulla elit ac nulla. Sed vel enim sit amet nunc viverra dapibus. Nulla suscipit ligula in lacus.',0,'2021-04-25','2021-07-21'),(70,'Gratia',1,870.00,1,1,0,1,'https://robohash.org/perspiciatisatqueaut.png?size=50x50&set=set1','[\"img1.webp\",\"img2.webp\",\"img3.webp\"]','In congue. Etiam justo. Etiam pretium iaculis justo.',0,'2021-09-26','2021-12-27'),(71,'Adan',1,154.00,2,0,1,1,'https://robohash.org/remsequiquia.png?size=50x50&set=set1','[\"img1.webp\",\"img2.webp\",\"img3.webp\"]','Cras mi pede, malesuada in, imperdiet et, commodo vulputate, justo. In blandit ultrices enim. Lorem ipsum dolor sit amet, consectetuer adipiscing elit.',0,'2021-03-15','2021-04-17'),(72,'Enriqueta',1,446.00,2,1,0,0,'https://robohash.org/suntquisaepe.png?size=50x50&set=set1','[\"img1.webp\",\"img2.webp\",\"img3.webp\"]','Maecenas ut massa quis augue luctus tincidunt. Nulla mollis molestie lorem. Quisque ut erat.',0,'2022-02-13','2021-12-29'),(73,'Emilie',2,302.00,1,0,1,1,'https://robohash.org/laboreenimet.png?size=50x50&set=set1','[\"img1.webp\",\"img2.webp\",\"img3.webp\"]','Duis aliquam convallis nunc. Proin at turpis a pede posuere nonummy. Integer non velit.',0,'2021-03-12','2021-12-25'),(74,'Francisco',1,668.00,2,1,1,0,'https://robohash.org/quaecorporisaccusamus.png?size=50x50&set=set1','[\"img1.webp\",\"img2.webp\",\"img3.webp\"]','In congue. Etiam justo. Etiam pretium iaculis justo.',0,'2021-11-23','2021-09-29'),(75,'Werner',2,382.00,1,1,1,1,'https://robohash.org/quiaabrepudiandae.png?size=50x50&set=set1','[\"img1.webp\",\"img2.webp\",\"img3.webp\"]','Pellentesque at nulla. Suspendisse potenti. Cras in purus eu magna vulputate luctus.',0,'2022-01-13','2022-01-05'),(76,'Robby',2,650.00,1,0,0,1,'https://robohash.org/rerumvitaeeaque.png?size=50x50&set=set1','[\"img1.webp\",\"img2.webp\",\"img3.webp\"]','Morbi porttitor lorem id ligula. Suspendisse ornare consequat lectus. In est risus, auctor sed, tristique in, tempus sit amet, sem.',0,'2021-07-13','2021-03-11'),(77,'Bartlett',2,495.00,1,1,0,1,'https://robohash.org/voluptatibusabdolorem.png?size=50x50&set=set1','[\"img1.webp\",\"img2.webp\",\"img3.webp\"]','Aenean fermentum. Donec ut mauris eget massa tempor convallis. Nulla neque libero, convallis eget, eleifend luctus, ultricies eu, nibh.',0,'2021-12-12','2021-09-25'),(78,'Dredi',2,754.00,2,0,1,1,'https://robohash.org/sintperferendislabore.png?size=50x50&set=set1','[\"img1.webp\",\"img2.webp\",\"img3.webp\"]','Praesent blandit. Nam nulla. Integer pede justo, lacinia eget, tincidunt eget, tempus vel, pede.',0,'2021-07-03','2021-05-28'),(79,'Orlan',2,244.00,2,0,1,0,'https://robohash.org/illumliberovoluptatem.png?size=50x50&set=set1','[\"img1.webp\",\"img2.webp\",\"img3.webp\"]','Maecenas leo odio, condimentum id, luctus nec, molestie sed, justo. Pellentesque viverra pede ac diam. Cras pellentesque volutpat dui.',0,'2021-06-20','2022-01-28'),(80,'Eveleen',2,920.00,1,0,1,1,'https://robohash.org/estdolortempora.png?size=50x50&set=set1','[\"img1.webp\",\"img2.webp\",\"img3.webp\"]','Proin leo odio, porttitor id, consequat in, consequat ut, nulla. Sed accumsan felis. Ut at dolor quis odio consequat varius.',0,'2021-07-16','2021-10-25'),(81,'Elmo',2,426.00,1,0,0,0,'https://robohash.org/possimuscumveniam.png?size=50x50&set=set1','[\"img1.webp\",\"img2.webp\",\"img3.webp\"]','Duis bibendum. Morbi non quam nec dui luctus rutrum. Nulla tellus.',0,'2021-05-11','2021-06-24'),(82,'Janie',2,103.00,1,0,0,1,'https://robohash.org/estfugiatut.png?size=50x50&set=set1','[\"img1.webp\",\"img2.webp\",\"img3.webp\"]','Aenean lectus. Pellentesque eget nunc. Donec quis orci eget orci vehicula condimentum.',0,'2022-01-04','2021-06-19'),(83,'Randal',2,166.00,2,0,0,1,'https://robohash.org/voluptatibusautlaborum.png?size=50x50&set=set1','[\"img1.webp\",\"img2.webp\",\"img3.webp\"]','In quis justo. Maecenas rhoncus aliquam lacus. Morbi quis tortor id nulla ultrices aliquet.',0,'2022-01-09','2021-10-23'),(84,'Latashia',1,658.00,2,1,0,1,'https://robohash.org/estiurelabore.png?size=50x50&set=set1','[\"img1.webp\",\"img2.webp\",\"img3.webp\"]','Duis bibendum. Morbi non quam nec dui luctus rutrum. Nulla tellus.',0,'2021-09-04','2021-02-15'),(85,'Alfreda',2,579.00,2,0,1,0,'https://robohash.org/quiaexcepturifacere.png?size=50x50&set=set1','[\"img1.webp\",\"img2.webp\",\"img3.webp\"]','In congue. Etiam justo. Etiam pretium iaculis justo.',0,'2021-03-17','2021-10-26'),(86,'Jehu',1,893.00,2,0,0,1,'https://robohash.org/sintaccusamusrerum.png?size=50x50&set=set1','[\"img1.webp\",\"img2.webp\",\"img3.webp\"]','Aenean fermentum. Donec ut mauris eget massa tempor convallis. Nulla neque libero, convallis eget, eleifend luctus, ultricies eu, nibh.',0,'2021-10-06','2021-08-25'),(87,'Christean',1,678.00,2,1,0,1,'https://robohash.org/doloremmolestiaenumquam.png?size=50x50&set=set1','[\"img1.webp\",\"img2.webp\",\"img3.webp\"]','Cras non velit nec nisi vulputate nonummy. Maecenas tincidunt lacus at velit. Vivamus vel nulla eget eros elementum pellentesque.',0,'2021-02-20','2021-08-24'),(88,'Trescha',1,956.00,2,0,1,1,'https://robohash.org/utquibusdamnumquam.png?size=50x50&set=set1','[\"img1.webp\",\"img2.webp\",\"img3.webp\"]','Lorem ipsum dolor sit amet, consectetuer adipiscing elit. Proin risus. Praesent lectus.',0,'2021-10-19','2022-01-27'),(89,'Finn',2,834.00,2,0,0,1,'https://robohash.org/suscipitaccusantiumquibusdam.png?size=50x50&set=set1','[\"img1.webp\",\"img2.webp\",\"img3.webp\"]','Maecenas ut massa quis augue luctus tincidunt. Nulla mollis molestie lorem. Quisque ut erat.',0,'2021-08-08','2021-07-11'),(90,'Dory',2,676.00,2,0,0,0,'https://robohash.org/aquasiin.png?size=50x50&set=set1','[\"img1.webp\",\"img2.webp\",\"img3.webp\"]','Quisque porta volutpat erat. Quisque erat eros, viverra eget, congue eget, semper rutrum, nulla. Nunc purus.',0,'2021-08-28','2021-08-22'),(91,'Klement',2,516.00,1,0,0,1,'https://robohash.org/consequunturetmodi.png?size=50x50&set=set1','[\"img1.webp\",\"img2.webp\",\"img3.webp\"]','Duis bibendum, felis sed interdum venenatis, turpis enim blandit mi, in porttitor pede justo eu massa. Donec dapibus. Duis at velit eu est congue elementum.',0,'2021-09-28','2021-07-09'),(92,'Maritsa',2,122.00,1,0,0,0,'https://robohash.org/earumvoluptaslibero.png?size=50x50&set=set1','[\"img1.webp\",\"img2.webp\",\"img3.webp\"]','Lorem ipsum dolor sit amet, consectetuer adipiscing elit. Proin risus. Praesent lectus.',0,'2021-11-10','2021-09-19'),(93,'Rickie',1,552.00,2,0,1,1,'https://robohash.org/magnamdolorsed.png?size=50x50&set=set1','[\"img1.webp\",\"img2.webp\",\"img3.webp\"]','Donec diam neque, vestibulum eget, vulputate ut, ultrices vel, augue. Vestibulum ante ipsum primis in faucibus orci luctus et ultrices posuere cubilia Curae; Donec pharetra, magna vestibulum aliquet ultrices, erat tortor sollicitudin mi, sit amet lobortis sapien sapien non mi. Integer ac neque.',0,'2021-02-17','2022-01-17'),(94,'Britni',1,752.00,1,0,0,1,'https://robohash.org/laboriosamrerumnostrum.png?size=50x50&set=set1','[\"img1.webp\",\"img2.webp\",\"img3.webp\"]','Pellentesque at nulla. Suspendisse potenti. Cras in purus eu magna vulputate luctus.',0,'2021-04-21','2021-02-27'),(95,'Evie',2,595.00,1,0,0,1,'https://robohash.org/magnimodiinventore.png?size=50x50&set=set1','[\"img1.webp\",\"img2.webp\",\"img3.webp\"]','In congue. Etiam justo. Etiam pretium iaculis justo.',0,'2021-10-07','2021-05-02'),(96,'Renata',2,346.00,1,0,0,1,'https://robohash.org/vitaeimpeditnulla.png?size=50x50&set=set1','[\"img1.webp\",\"img2.webp\",\"img3.webp\"]','Quisque porta volutpat erat. Quisque erat eros, viverra eget, congue eget, semper rutrum, nulla. Nunc purus.',0,'2021-05-01','2021-10-24'),(97,'Lari',2,735.00,2,0,1,0,'https://robohash.org/voluptatemautillum.png?size=50x50&set=set1','[\"img1.webp\",\"img2.webp\",\"img3.webp\"]','Vestibulum quam sapien, varius ut, blandit non, interdum in, ante. Vestibulum ante ipsum primis in faucibus orci luctus et ultrices posuere cubilia Curae; Duis faucibus accumsan odio. Curabitur convallis.',0,'2021-05-17','2021-09-13'),(98,'Emerson',2,146.00,1,0,1,0,'https://robohash.org/aliquamquivoluptates.png?size=50x50&set=set1','[\"img1.webp\",\"img2.webp\",\"img3.webp\"]','In congue. Etiam justo. Etiam pretium iaculis justo.',0,'2021-08-31','2021-04-25'),(99,'Rhodia',2,652.00,2,1,1,1,'https://robohash.org/voluptaterecusandaequos.png?size=50x50&set=set1','[\"img1.webp\",\"img2.webp\",\"img3.webp\"]','Duis bibendum. Morbi non quam nec dui luctus rutrum. Nulla tellus.',0,'2021-08-07','2021-12-17'),(100,'Rooney',2,786.00,2,0,0,1,'https://robohash.org/quaequaeratipsum.png?size=50x50&set=set1','[\"img1.webp\",\"img2.webp\",\"img3.webp\"]','Duis bibendum, felis sed interdum venenatis, turpis enim blandit mi, in porttitor pede justo eu massa. Donec dapibus. Duis at velit eu est congue elementum.',0,'2021-09-21','2021-10-03'),(101,'Rosalinda',1,348.00,2,0,1,1,'https://robohash.org/quoliberoofficia.png?size=50x50&set=set1','[\"img1.webp\",\"img2.webp\",\"img3.webp\"]','In sagittis dui vel nisl. Duis ac nibh. Fusce lacus purus, aliquet at, feugiat non, pretium quis, lectus.',0,'2021-05-07','2021-03-13'),(102,'Hobie',1,387.00,1,0,0,0,'https://robohash.org/velitquasiconsequatur.png?size=50x50&set=set1','[\"img1.webp\",\"img2.webp\",\"img3.webp\"]','Curabitur gravida nisi at nibh. In hac habitasse platea dictumst. Aliquam augue quam, sollicitudin vitae, consectetuer eget, rutrum at, lorem.',0,'2021-07-23','2021-05-12'),(103,'Karlee',2,100.00,1,0,0,0,'https://robohash.org/inexvelit.png?size=50x50&set=set1','[\"img1.webp\",\"img2.webp\",\"img3.webp\"]','Suspendisse potenti. In eleifend quam a odio. In hac habitasse platea dictumst.',0,'2021-10-16','2022-01-08'),(104,'Brander',2,663.00,1,1,1,0,'https://robohash.org/quidemquamet.png?size=50x50&set=set1','[\"img1.webp\",\"img2.webp\",\"img3.webp\"]','Vestibulum ac est lacinia nisi venenatis tristique. Fusce congue, diam id ornare imperdiet, sapien urna pretium nisl, ut volutpat sapien arcu sed augue. Aliquam erat volutpat.',0,'2021-09-02','2021-05-20'),(105,'Karlis',1,458.00,2,1,0,1,'https://robohash.org/necessitatibusvoluptasblanditiis.png?size=50x50&set=set1','[\"img1.webp\",\"img2.webp\",\"img3.webp\"]','Vestibulum ac est lacinia nisi venenatis tristique. Fusce congue, diam id ornare imperdiet, sapien urna pretium nisl, ut volutpat sapien arcu sed augue. Aliquam erat volutpat.',0,'2021-05-09','2021-09-08'),(106,'Dusty',2,503.00,1,1,1,1,'https://robohash.org/molestiaeaspernaturexplicabo.png?size=50x50&set=set1','[\"img1.webp\",\"img2.webp\",\"img3.webp\"]','In sagittis dui vel nisl. Duis ac nibh. Fusce lacus purus, aliquet at, feugiat non, pretium quis, lectus.',0,'2021-07-03','2021-09-29'),(107,'Hoebart',1,625.00,1,1,0,0,'https://robohash.org/maioresdoloreodit.png?size=50x50&set=set1','[\"img1.webp\",\"img2.webp\",\"img3.webp\"]','Suspendisse potenti. In eleifend quam a odio. In hac habitasse platea dictumst.',0,'2021-07-30','2021-05-01'),(108,'Aspiradora X456000',2,1200.00,2,0,0,0,'/images/products/undefined','[]','yui',1,'2022-02-16','2022-02-21'),(109,'Aspiradora X456',1,1200.00,1,1,0,0,'/images/products/product-1645018947424.webp','[\"product-1645018947425.webp\",\"product-1645018947427.webp\"]','yui',1,'2022-02-16','2022-02-21'),(110,'Aspiradora X456',1,1200.00,1,1,1,0,'/images/products/product-1645018995610.webp','[\"product-1645018995611.webp\",\"product-1645018995612.webp\"]','yui',0,'2022-02-16','2022-02-16'),(111,'Aspiradora X456',1,1200.00,1,1,1,1,'/images/products/product-1645019043311.webp','[\"product-1645019043316.webp\",\"product-1645019043318.webp\"]','yui',0,'2022-02-16','2022-02-16'),(112,'Aspiradora X456',1,0.00,1,0,0,0,'/images/products/product-1645019720297.webp','[\"product-1645019720300.webp\"]','dfg',0,'2022-02-16','2022-02-16'),(113,'Aspiradora X456',1,1200.00,2,0,1,0,'/images/products/product-1645020170000.webp','[\"product-1645020170001.webp\",\"product-1645020170003.webp\",\"product-1645020170004.webp\",\"product-1645020170005.webp\"]','dsssdtfgh',0,'2022-02-16','2022-02-16'),(114,'',1,0.00,1,0,0,0,'/images/default.png','[]','',0,'2022-02-16','2022-02-16'),(115,'Aspiradora X456',1,1200.00,1,1,1,0,'/images/products/product-1645024109855.webp','[]','ty',0,'2022-02-16','2022-02-16'),(116,'Aspiradora X456',1,1200.00,1,1,1,0,'/images/products/product-1645024182617.webp','[]','ty',0,'2022-02-16','2022-02-16'),(117,'Aspiradora X456',1,0.00,2,1,0,0,'/images/products/product-1645024202537.webp','[]','',0,'2022-02-16','2022-02-16'),(118,'Ariel Dorssi',2,0.00,2,0,0,0,'/images/products/product-1645030149967.webp','[]','',0,'2022-02-16','2022-02-16'),(119,'Ariel Dorssi',2,0.00,2,0,0,0,'/images/products/product-1645030259670.webp','[]','',0,'2022-02-16','2022-02-16'),(120,'Aspiradora X456',2,0.00,2,1,1,1,'/images/products/product-1645106255098.webp','[\"product-1645106255101.webp\",\"product-1645106255104.webp\",\"product-1645106255105.webp\"]','dfgh',NULL,'2022-02-17','2022-02-17'),(121,'Aspiradora X456',1,1200.00,2,1,0,0,'/images/products/product-1645106323650.webp','[\"product-1645106323651.webp\",\"product-1645106323653.webp\"]','fgh',1,'2022-02-17','2022-02-21'),(122,'Corny',1,958.00,1,1,0,1,'https://robohash.org/omnisvoluptatumeum.png?size=50x50&set=set1',NULL,'Integer ac leo. Pellentesque ultrices mattis odio. Donec vitae nisi.',NULL,'2021-12-09','2021-08-14'),(123,'Nicola',1,416.00,2,0,0,0,'https://robohash.org/laboredictamolestiae.png?size=50x50&set=set1',NULL,'Proin eu mi. Nulla ac enim. In tempor, turpis nec euismod scelerisque, quam turpis adipiscing lorem, vitae mattis nibh ligula nec sem.',NULL,'2021-10-10','2021-08-29'),(124,'Hermy',2,312.00,1,0,1,0,'https://robohash.org/estteneturratione.png?size=50x50&set=set1',NULL,'Aenean fermentum. Donec ut mauris eget massa tempor convallis. Nulla neque libero, convallis eget, eleifend luctus, ultricies eu, nibh.',NULL,'2021-04-28','2022-01-28'),(125,'Eduard',2,386.00,1,1,0,1,'https://robohash.org/eatemporaeos.png?size=50x50&set=set1',NULL,'Morbi non lectus. Aliquam sit amet diam in magna bibendum imperdiet. Nullam orci pede, venenatis non, sodales sed, tincidunt eu, felis.',NULL,'2021-05-10','2021-12-07'),(126,'Dosi',1,996.00,2,1,0,1,'https://robohash.org/modiuteius.png?size=50x50&set=set1',NULL,'Proin interdum mauris non ligula pellentesque ultrices. Phasellus id sapien in sapien iaculis congue. Vivamus metus arcu, adipiscing molestie, hendrerit at, vulputate vitae, nisl.',NULL,'2021-11-12','2021-04-30'),(127,'Culley',1,127.00,1,1,1,0,'https://robohash.org/doloribusducimusfacere.png?size=50x50&set=set1',NULL,'Quisque porta volutpat erat. Quisque erat eros, viverra eget, congue eget, semper rutrum, nulla. Nunc purus.',NULL,'2021-08-09','2021-12-14'),(128,'Jonah',2,557.00,2,1,1,0,'https://robohash.org/molestiaeiustovoluptas.png?size=50x50&set=set1',NULL,'Lorem ipsum dolor sit amet, consectetuer adipiscing elit. Proin risus. Praesent lectus.',NULL,'2021-10-03','2021-12-29'),(129,'Westleigh',1,164.00,1,0,1,1,'https://robohash.org/eiusvoluptatemaliquid.png?size=50x50&set=set1',NULL,'Nulla ut erat id mauris vulputate elementum. Nullam varius. Nulla facilisi.',NULL,'2021-10-08','2021-07-10'),(130,'Marcus',2,311.00,1,0,0,1,'https://robohash.org/perferendisreiciendisvoluptatum.png?size=50x50&set=set1',NULL,'Phasellus sit amet erat. Nulla tempus. Vivamus in felis eu sapien cursus vestibulum.',NULL,'2021-08-09','2021-07-10'),(131,'Barton',1,993.00,1,1,0,1,'https://robohash.org/repellatnonincidunt.png?size=50x50&set=set1',NULL,'Integer ac leo. Pellentesque ultrices mattis odio. Donec vitae nisi.',NULL,'2021-05-29','2021-05-19'),(132,'Eadith',2,786.00,1,1,1,1,'https://robohash.org/officianatusquidem.png?size=50x50&set=set1',NULL,'Proin leo odio, porttitor id, consequat in, consequat ut, nulla. Sed accumsan felis. Ut at dolor quis odio consequat varius.',NULL,'2021-08-15','2021-08-12'),(133,'Olimpia',2,341.00,2,1,1,0,'https://robohash.org/velerrorquibusdam.png?size=50x50&set=set1',NULL,'Curabitur at ipsum ac tellus semper interdum. Mauris ullamcorper purus sit amet nulla. Quisque arcu libero, rutrum ac, lobortis vel, dapibus at, diam.',NULL,'2021-07-20','2021-09-08'),(134,'Andonis',1,884.00,1,0,1,0,'https://robohash.org/placeatmagnamlaudantium.png?size=50x50&set=set1',NULL,'Duis bibendum. Morbi non quam nec dui luctus rutrum. Nulla tellus.',NULL,'2021-11-05','2021-06-20'),(135,'Kurtis',1,277.00,2,0,1,1,'https://robohash.org/quipariaturdebitis.png?size=50x50&set=set1',NULL,'Phasellus sit amet erat. Nulla tempus. Vivamus in felis eu sapien cursus vestibulum.',NULL,'2021-11-24','2021-08-13'),(136,'Jamima',1,773.00,2,1,1,0,'https://robohash.org/omnisnatussint.png?size=50x50&set=set1',NULL,'Etiam vel augue. Vestibulum rutrum rutrum neque. Aenean auctor gravida sem.',NULL,'2021-11-13','2022-02-12'),(137,'Alisander',1,995.00,2,0,0,0,'https://robohash.org/maiorestotammodi.png?size=50x50&set=set1',NULL,'Curabitur in libero ut massa volutpat convallis. Morbi odio odio, elementum eu, interdum eu, tincidunt in, leo. Maecenas pulvinar lobortis est.',NULL,'2021-09-27','2021-11-11'),(138,'Meggi',1,762.00,1,1,1,1,'https://robohash.org/sitenimsit.png?size=50x50&set=set1',NULL,'Fusce posuere felis sed lacus. Morbi sem mauris, laoreet ut, rhoncus aliquet, pulvinar sed, nisl. Nunc rhoncus dui vel sem.',NULL,'2021-04-28','2021-12-21'),(139,'Jacquenetta',2,790.00,2,0,0,1,'https://robohash.org/magnietquas.png?size=50x50&set=set1',NULL,'Etiam vel augue. Vestibulum rutrum rutrum neque. Aenean auctor gravida sem.',NULL,'2021-02-28','2021-05-28'),(140,'Fletcher',1,642.00,2,1,1,0,'https://robohash.org/consequunturfacerenihil.png?size=50x50&set=set1',NULL,'Integer tincidunt ante vel ipsum. Praesent blandit lacinia erat. Vestibulum sed magna at nunc commodo placerat.',NULL,'2021-07-29','2021-06-14'),(141,'Erna',2,222.00,2,1,0,0,'https://robohash.org/quaseoseligendi.png?size=50x50&set=set1',NULL,'Quisque id justo sit amet sapien dignissim vestibulum. Vestibulum ante ipsum primis in faucibus orci luctus et ultrices posuere cubilia Curae; Nulla dapibus dolor vel est. Donec odio justo, sollicitudin ut, suscipit a, feugiat et, eros.',NULL,'2021-07-10','2021-02-15'),(142,'Judas',2,253.00,1,1,1,1,'https://robohash.org/quiaaccusamusipsam.png?size=50x50&set=set1',NULL,'Suspendisse potenti. In eleifend quam a odio. In hac habitasse platea dictumst.',NULL,'2022-02-06','2021-06-27'),(143,'Scarlett',2,926.00,1,0,1,0,'https://robohash.org/nostrumutet.png?size=50x50&set=set1',NULL,'In hac habitasse platea dictumst. Morbi vestibulum, velit id pretium iaculis, diam erat fermentum justo, nec condimentum neque sapien placerat ante. Nulla justo.',NULL,'2021-08-27','2022-01-30'),(144,'Standford',1,392.00,2,1,0,1,'https://robohash.org/rationeconsequunturnumquam.png?size=50x50&set=set1',NULL,'Sed ante. Vivamus tortor. Duis mattis egestas metus.',NULL,'2021-04-20','2021-07-03'),(145,'Margret',1,615.00,1,0,0,1,'https://robohash.org/ealaudantiumut.png?size=50x50&set=set1',NULL,'Etiam vel augue. Vestibulum rutrum rutrum neque. Aenean auctor gravida sem.',NULL,'2022-01-14','2021-07-01'),(146,'Wendy',2,303.00,1,0,0,0,'https://robohash.org/velitpossimusest.png?size=50x50&set=set1',NULL,'Curabitur at ipsum ac tellus semper interdum. Mauris ullamcorper purus sit amet nulla. Quisque arcu libero, rutrum ac, lobortis vel, dapibus at, diam.',NULL,'2022-02-02','2021-05-23'),(147,'Rowney',1,661.00,1,0,0,1,'https://robohash.org/animiconsequaturconsequatur.png?size=50x50&set=set1',NULL,'In sagittis dui vel nisl. Duis ac nibh. Fusce lacus purus, aliquet at, feugiat non, pretium quis, lectus.',NULL,'2021-04-02','2021-02-19'),(148,'Clem',1,618.00,2,0,0,1,'https://robohash.org/quidemetdoloremque.png?size=50x50&set=set1',NULL,'Phasellus in felis. Donec semper sapien a libero. Nam dui.',NULL,'2021-12-08','2021-10-24'),(149,'Lethia',2,624.00,2,0,0,0,'https://robohash.org/voluptatumnesciuntest.png?size=50x50&set=set1',NULL,'Phasellus in felis. Donec semper sapien a libero. Nam dui.',NULL,'2021-05-29','2021-07-21'),(150,'Pip',1,568.00,2,1,1,1,'https://robohash.org/nequeexplicabocorporis.png?size=50x50&set=set1',NULL,'Fusce consequat. Nulla nisl. Nunc nisl.',NULL,'2022-02-10','2021-04-29'),(151,'Anneliese',2,141.00,2,0,1,0,'https://robohash.org/distinctiorepellatet.png?size=50x50&set=set1',NULL,'Etiam vel augue. Vestibulum rutrum rutrum neque. Aenean auctor gravida sem.',NULL,'2021-05-15','2021-03-13'),(152,'Olenolin',1,109.00,2,0,1,1,'https://robohash.org/idofficiaet.png?size=50x50&set=set1',NULL,'Maecenas tristique, est et tempus semper, est quam pharetra magna, ac consequat metus sapien ut nunc. Vestibulum ante ipsum primis in faucibus orci luctus et ultrices posuere cubilia Curae; Mauris viverra diam vitae quam. Suspendisse potenti.',NULL,'2021-04-29','2021-07-06'),(153,'Jorrie',1,885.00,1,0,1,0,'https://robohash.org/eumnecessitatibusdolores.png?size=50x50&set=set1',NULL,'Phasellus in felis. Donec semper sapien a libero. Nam dui.',NULL,'2021-12-26','2021-10-13'),(154,'Hatty',1,417.00,2,1,0,1,'https://robohash.org/autperspiciatissaepe.png?size=50x50&set=set1',NULL,'Quisque id justo sit amet sapien dignissim vestibulum. Vestibulum ante ipsum primis in faucibus orci luctus et ultrices posuere cubilia Curae; Nulla dapibus dolor vel est. Donec odio justo, sollicitudin ut, suscipit a, feugiat et, eros.',NULL,'2021-03-18','2021-06-27'),(155,'Berny',1,870.00,2,1,1,0,'https://robohash.org/remestquidem.png?size=50x50&set=set1',NULL,'In congue. Etiam justo. Etiam pretium iaculis justo.',NULL,'2021-03-25','2021-07-06'),(156,'Karim',2,488.00,2,1,1,0,'https://robohash.org/omnisinventoreea.png?size=50x50&set=set1',NULL,'Etiam vel augue. Vestibulum rutrum rutrum neque. Aenean auctor gravida sem.',NULL,'2021-08-13','2021-06-28'),(157,'Briano',2,685.00,2,0,1,1,'https://robohash.org/eiusprovidentfugit.png?size=50x50&set=set1',NULL,'Nullam sit amet turpis elementum ligula vehicula consequat. Morbi a ipsum. Integer a nibh.',NULL,'2022-02-02','2021-05-16'),(158,'Elbert',2,415.00,2,1,1,0,'https://robohash.org/quamsuntsit.png?size=50x50&set=set1',NULL,'Fusce consequat. Nulla nisl. Nunc nisl.',NULL,'2021-12-28','2021-08-13'),(159,'Jenni',2,453.00,1,1,0,1,'https://robohash.org/ullaminvoluptas.png?size=50x50&set=set1',NULL,'Duis aliquam convallis nunc. Proin at turpis a pede posuere nonummy. Integer non velit.',NULL,'2021-11-06','2021-11-25'),(160,'Alyssa',1,479.00,1,0,0,1,'https://robohash.org/laborumautemeius.png?size=50x50&set=set1',NULL,'Morbi non lectus. Aliquam sit amet diam in magna bibendum imperdiet. Nullam orci pede, venenatis non, sodales sed, tincidunt eu, felis.',NULL,'2021-12-26','2021-06-28'),(161,'Anne-marie',1,722.00,2,0,1,1,'https://robohash.org/quasimolestiasoccaecati.png?size=50x50&set=set1',NULL,'Praesent id massa id nisl venenatis lacinia. Aenean sit amet justo. Morbi ut odio.',NULL,'2021-10-01','2021-09-01'),(162,'Northrop',2,993.00,2,1,0,1,'https://robohash.org/commodiquoaut.png?size=50x50&set=set1',NULL,'Vestibulum quam sapien, varius ut, blandit non, interdum in, ante. Vestibulum ante ipsum primis in faucibus orci luctus et ultrices posuere cubilia Curae; Duis faucibus accumsan odio. Curabitur convallis.',NULL,'2022-02-13','2021-12-24'),(163,'Romain',2,793.00,2,0,0,1,'https://robohash.org/autadimpedit.png?size=50x50&set=set1',NULL,'Cras mi pede, malesuada in, imperdiet et, commodo vulputate, justo. In blandit ultrices enim. Lorem ipsum dolor sit amet, consectetuer adipiscing elit.',NULL,'2021-10-09','2022-02-06'),(164,'Sean',1,555.00,1,0,0,0,'https://robohash.org/distinctiovelitexercitationem.png?size=50x50&set=set1',NULL,'Curabitur in libero ut massa volutpat convallis. Morbi odio odio, elementum eu, interdum eu, tincidunt in, leo. Maecenas pulvinar lobortis est.',NULL,'2022-02-04','2021-09-28'),(165,'Lynnell',2,479.00,2,0,1,1,'https://robohash.org/etnobisplaceat.png?size=50x50&set=set1',NULL,'Fusce posuere felis sed lacus. Morbi sem mauris, laoreet ut, rhoncus aliquet, pulvinar sed, nisl. Nunc rhoncus dui vel sem.',NULL,'2021-07-31','2021-11-16'),(166,'Timothy',2,922.00,2,0,0,0,'https://robohash.org/inciduntsequivoluptas.png?size=50x50&set=set1',NULL,'Suspendisse potenti. In eleifend quam a odio. In hac habitasse platea dictumst.',NULL,'2021-03-28','2022-01-21'),(167,'Link',2,243.00,2,0,0,0,'https://robohash.org/adipiscifacereporro.png?size=50x50&set=set1',NULL,'Quisque id justo sit amet sapien dignissim vestibulum. Vestibulum ante ipsum primis in faucibus orci luctus et ultrices posuere cubilia Curae; Nulla dapibus dolor vel est. Donec odio justo, sollicitudin ut, suscipit a, feugiat et, eros.',NULL,'2021-03-11','2021-11-29'),(168,'Patsy',2,850.00,1,0,1,0,'https://robohash.org/possimusomnisaperiam.png?size=50x50&set=set1',NULL,'Phasellus sit amet erat. Nulla tempus. Vivamus in felis eu sapien cursus vestibulum.',NULL,'2021-05-20','2021-07-23'),(169,'Carena',2,498.00,1,0,0,0,'https://robohash.org/etdoloremullam.png?size=50x50&set=set1',NULL,'Morbi non lectus. Aliquam sit amet diam in magna bibendum imperdiet. Nullam orci pede, venenatis non, sodales sed, tincidunt eu, felis.',NULL,'2021-05-21','2021-05-14'),(170,'Liva',1,879.00,2,0,1,0,'https://robohash.org/etsitbeatae.png?size=50x50&set=set1',NULL,'Maecenas leo odio, condimentum id, luctus nec, molestie sed, justo. Pellentesque viverra pede ac diam. Cras pellentesque volutpat dui.',NULL,'2021-08-15','2021-03-11'),(171,'Adrienne',2,245.00,1,1,0,0,'https://robohash.org/evenietutrepellat.png?size=50x50&set=set1',NULL,'Maecenas leo odio, condimentum id, luctus nec, molestie sed, justo. Pellentesque viverra pede ac diam. Cras pellentesque volutpat dui.',NULL,'2021-11-06','2021-09-21'),(172,'Jinny',1,409.00,2,0,0,1,'https://robohash.org/nihilveritatisa.png?size=50x50&set=set1',NULL,'Duis aliquam convallis nunc. Proin at turpis a pede posuere nonummy. Integer non velit.',NULL,'2021-09-12','2021-09-21'),(173,'Janeva',2,894.00,2,0,1,0,'https://robohash.org/voluptatemsequiqui.png?size=50x50&set=set1',NULL,'Nulla ut erat id mauris vulputate elementum. Nullam varius. Nulla facilisi.',NULL,'2021-11-11','2021-06-18'),(174,'Loy',1,687.00,1,0,0,1,'https://robohash.org/optioautemeum.png?size=50x50&set=set1',NULL,'In quis justo. Maecenas rhoncus aliquam lacus. Morbi quis tortor id nulla ultrices aliquet.',NULL,'2021-04-05','2021-05-28'),(175,'Tonya',1,901.00,1,0,0,0,'https://robohash.org/illorecusandaeoptio.png?size=50x50&set=set1',NULL,'Curabitur gravida nisi at nibh. In hac habitasse platea dictumst. Aliquam augue quam, sollicitudin vitae, consectetuer eget, rutrum at, lorem.',NULL,'2021-06-25','2021-11-10'),(176,'Sibylle',1,734.00,2,1,0,0,'https://robohash.org/quorepellendusrerum.png?size=50x50&set=set1',NULL,'Proin eu mi. Nulla ac enim. In tempor, turpis nec euismod scelerisque, quam turpis adipiscing lorem, vitae mattis nibh ligula nec sem.',NULL,'2022-01-08','2022-01-20'),(177,'Rickie',2,290.00,2,1,0,0,'https://robohash.org/velitnonarchitecto.png?size=50x50&set=set1',NULL,'Integer tincidunt ante vel ipsum. Praesent blandit lacinia erat. Vestibulum sed magna at nunc commodo placerat.',NULL,'2022-01-12','2022-01-06'),(178,'Ailee',1,639.00,2,1,1,0,'https://robohash.org/rerumdeseruntaut.png?size=50x50&set=set1',NULL,'Aenean fermentum. Donec ut mauris eget massa tempor convallis. Nulla neque libero, convallis eget, eleifend luctus, ultricies eu, nibh.',NULL,'2021-07-29','2022-01-08'),(179,'Aldric',2,373.00,1,0,0,1,'https://robohash.org/voluptatemomnisqui.png?size=50x50&set=set1',NULL,'Etiam vel augue. Vestibulum rutrum rutrum neque. Aenean auctor gravida sem.',NULL,'2021-08-12','2021-09-06'),(180,'Peri',2,605.00,2,0,1,1,'https://robohash.org/facilisdelectusquo.png?size=50x50&set=set1',NULL,'Proin leo odio, porttitor id, consequat in, consequat ut, nulla. Sed accumsan felis. Ut at dolor quis odio consequat varius.',NULL,'2021-04-17','2021-07-28'),(181,'Shannah',1,829.00,1,1,1,0,'https://robohash.org/assumendaconsequunturvoluptatem.png?size=50x50&set=set1',NULL,'Etiam vel augue. Vestibulum rutrum rutrum neque. Aenean auctor gravida sem.',NULL,'2021-06-19','2022-01-07'),(182,'Rina',2,234.00,2,0,1,0,'https://robohash.org/quisquamcupiditateeum.png?size=50x50&set=set1',NULL,'Aenean fermentum. Donec ut mauris eget massa tempor convallis. Nulla neque libero, convallis eget, eleifend luctus, ultricies eu, nibh.',NULL,'2021-11-19','2021-08-23'),(183,'Callean',1,715.00,1,0,0,0,'https://robohash.org/aliasetreprehenderit.png?size=50x50&set=set1',NULL,'Nam ultrices, libero non mattis pulvinar, nulla pede ullamcorper augue, a suscipit nulla elit ac nulla. Sed vel enim sit amet nunc viverra dapibus. Nulla suscipit ligula in lacus.',NULL,'2021-04-25','2021-07-21'),(184,'Gratia',1,870.00,1,1,0,1,'https://robohash.org/perspiciatisatqueaut.png?size=50x50&set=set1',NULL,'In congue. Etiam justo. Etiam pretium iaculis justo.',NULL,'2021-09-26','2021-12-27'),(185,'Adan',1,154.00,2,0,1,1,'https://robohash.org/remsequiquia.png?size=50x50&set=set1',NULL,'Cras mi pede, malesuada in, imperdiet et, commodo vulputate, justo. In blandit ultrices enim. Lorem ipsum dolor sit amet, consectetuer adipiscing elit.',NULL,'2021-03-15','2021-04-17'),(186,'Enriqueta',1,446.00,2,1,0,0,'https://robohash.org/suntquisaepe.png?size=50x50&set=set1',NULL,'Maecenas ut massa quis augue luctus tincidunt. Nulla mollis molestie lorem. Quisque ut erat.',NULL,'2022-02-13','2021-12-29'),(187,'Emilie',2,302.00,1,0,1,1,'https://robohash.org/laboreenimet.png?size=50x50&set=set1',NULL,'Duis aliquam convallis nunc. Proin at turpis a pede posuere nonummy. Integer non velit.',NULL,'2021-03-12','2021-12-25'),(188,'Francisco',1,668.00,2,1,1,0,'https://robohash.org/quaecorporisaccusamus.png?size=50x50&set=set1',NULL,'In congue. Etiam justo. Etiam pretium iaculis justo.',NULL,'2021-11-23','2021-09-29'),(189,'Werner',2,382.00,1,1,1,1,'https://robohash.org/quiaabrepudiandae.png?size=50x50&set=set1',NULL,'Pellentesque at nulla. Suspendisse potenti. Cras in purus eu magna vulputate luctus.',NULL,'2022-01-13','2022-01-05'),(190,'Robby',2,650.00,1,0,0,1,'https://robohash.org/rerumvitaeeaque.png?size=50x50&set=set1',NULL,'Morbi porttitor lorem id ligula. Suspendisse ornare consequat lectus. In est risus, auctor sed, tristique in, tempus sit amet, sem.',NULL,'2021-07-13','2021-03-11'),(191,'Bartlett',2,495.00,1,1,0,1,'https://robohash.org/voluptatibusabdolorem.png?size=50x50&set=set1',NULL,'Aenean fermentum. Donec ut mauris eget massa tempor convallis. Nulla neque libero, convallis eget, eleifend luctus, ultricies eu, nibh.',NULL,'2021-12-12','2021-09-25'),(192,'Dredi',2,754.00,2,0,1,1,'https://robohash.org/sintperferendislabore.png?size=50x50&set=set1',NULL,'Praesent blandit. Nam nulla. Integer pede justo, lacinia eget, tincidunt eget, tempus vel, pede.',NULL,'2021-07-03','2021-05-28'),(193,'Orlan',2,244.00,2,0,1,0,'https://robohash.org/illumliberovoluptatem.png?size=50x50&set=set1',NULL,'Maecenas leo odio, condimentum id, luctus nec, molestie sed, justo. Pellentesque viverra pede ac diam. Cras pellentesque volutpat dui.',NULL,'2021-06-20','2022-01-28'),(194,'Eveleen',2,920.00,1,0,1,1,'https://robohash.org/estdolortempora.png?size=50x50&set=set1',NULL,'Proin leo odio, porttitor id, consequat in, consequat ut, nulla. Sed accumsan felis. Ut at dolor quis odio consequat varius.',NULL,'2021-07-16','2021-10-25'),(195,'Elmo',2,426.00,1,0,0,0,'https://robohash.org/possimuscumveniam.png?size=50x50&set=set1',NULL,'Duis bibendum. Morbi non quam nec dui luctus rutrum. Nulla tellus.',NULL,'2021-05-11','2021-06-24'),(196,'Janie',2,103.00,1,0,0,1,'https://robohash.org/estfugiatut.png?size=50x50&set=set1',NULL,'Aenean lectus. Pellentesque eget nunc. Donec quis orci eget orci vehicula condimentum.',NULL,'2022-01-04','2021-06-19'),(197,'Randal',2,166.00,2,0,0,1,'https://robohash.org/voluptatibusautlaborum.png?size=50x50&set=set1',NULL,'In quis justo. Maecenas rhoncus aliquam lacus. Morbi quis tortor id nulla ultrices aliquet.',NULL,'2022-01-09','2021-10-23'),(198,'Latashia',1,658.00,2,1,0,1,'https://robohash.org/estiurelabore.png?size=50x50&set=set1',NULL,'Duis bibendum. Morbi non quam nec dui luctus rutrum. Nulla tellus.',NULL,'2021-09-04','2021-02-15'),(199,'Alfreda',2,579.00,2,0,1,0,'https://robohash.org/quiaexcepturifacere.png?size=50x50&set=set1',NULL,'In congue. Etiam justo. Etiam pretium iaculis justo.',NULL,'2021-03-17','2021-10-26'),(200,'Jehu',1,893.00,2,0,0,1,'https://robohash.org/sintaccusamusrerum.png?size=50x50&set=set1',NULL,'Aenean fermentum. Donec ut mauris eget massa tempor convallis. Nulla neque libero, convallis eget, eleifend luctus, ultricies eu, nibh.',NULL,'2021-10-06','2021-08-25'),(201,'Christean',1,678.00,2,1,0,1,'https://robohash.org/doloremmolestiaenumquam.png?size=50x50&set=set1',NULL,'Cras non velit nec nisi vulputate nonummy. Maecenas tincidunt lacus at velit. Vivamus vel nulla eget eros elementum pellentesque.',NULL,'2021-02-20','2021-08-24'),(202,'Trescha',1,956.00,2,0,1,1,'https://robohash.org/utquibusdamnumquam.png?size=50x50&set=set1',NULL,'Lorem ipsum dolor sit amet, consectetuer adipiscing elit. Proin risus. Praesent lectus.',NULL,'2021-10-19','2022-01-27'),(203,'Finn',2,834.00,2,0,0,1,'https://robohash.org/suscipitaccusantiumquibusdam.png?size=50x50&set=set1',NULL,'Maecenas ut massa quis augue luctus tincidunt. Nulla mollis molestie lorem. Quisque ut erat.',NULL,'2021-08-08','2021-07-11'),(204,'Dory',2,676.00,2,0,0,0,'https://robohash.org/aquasiin.png?size=50x50&set=set1',NULL,'Quisque porta volutpat erat. Quisque erat eros, viverra eget, congue eget, semper rutrum, nulla. Nunc purus.',NULL,'2021-08-28','2021-08-22'),(205,'Klement',2,516.00,1,0,0,1,'https://robohash.org/consequunturetmodi.png?size=50x50&set=set1',NULL,'Duis bibendum, felis sed interdum venenatis, turpis enim blandit mi, in porttitor pede justo eu massa. Donec dapibus. Duis at velit eu est congue elementum.',NULL,'2021-09-28','2021-07-09'),(206,'Maritsa',2,122.00,1,0,0,0,'https://robohash.org/earumvoluptaslibero.png?size=50x50&set=set1',NULL,'Lorem ipsum dolor sit amet, consectetuer adipiscing elit. Proin risus. Praesent lectus.',NULL,'2021-11-10','2021-09-19'),(207,'Rickie',1,552.00,2,0,1,1,'https://robohash.org/magnamdolorsed.png?size=50x50&set=set1',NULL,'Donec diam neque, vestibulum eget, vulputate ut, ultrices vel, augue. Vestibulum ante ipsum primis in faucibus orci luctus et ultrices posuere cubilia Curae; Donec pharetra, magna vestibulum aliquet ultrices, erat tortor sollicitudin mi, sit amet lobortis sapien sapien non mi. Integer ac neque.',NULL,'2021-02-17','2022-01-17'),(208,'Britni',1,752.00,1,0,0,1,'https://robohash.org/laboriosamrerumnostrum.png?size=50x50&set=set1',NULL,'Pellentesque at nulla. Suspendisse potenti. Cras in purus eu magna vulputate luctus.',NULL,'2021-04-21','2021-02-27'),(209,'Evie',2,595.00,1,0,0,1,'https://robohash.org/magnimodiinventore.png?size=50x50&set=set1',NULL,'In congue. Etiam justo. Etiam pretium iaculis justo.',NULL,'2021-10-07','2021-05-02'),(210,'Renata',2,346.00,1,0,0,1,'https://robohash.org/vitaeimpeditnulla.png?size=50x50&set=set1',NULL,'Quisque porta volutpat erat. Quisque erat eros, viverra eget, congue eget, semper rutrum, nulla. Nunc purus.',NULL,'2021-05-01','2021-10-24'),(211,'Lari',2,735.00,2,0,1,0,'https://robohash.org/voluptatemautillum.png?size=50x50&set=set1',NULL,'Vestibulum quam sapien, varius ut, blandit non, interdum in, ante. Vestibulum ante ipsum primis in faucibus orci luctus et ultrices posuere cubilia Curae; Duis faucibus accumsan odio. Curabitur convallis.',NULL,'2021-05-17','2021-09-13'),(212,'Emerson',2,146.00,1,0,1,0,'https://robohash.org/aliquamquivoluptates.png?size=50x50&set=set1',NULL,'In congue. Etiam justo. Etiam pretium iaculis justo.',NULL,'2021-08-31','2021-04-25'),(213,'Rhodia',2,652.00,2,1,1,1,'https://robohash.org/voluptaterecusandaequos.png?size=50x50&set=set1',NULL,'Duis bibendum. Morbi non quam nec dui luctus rutrum. Nulla tellus.',NULL,'2021-08-07','2021-12-17'),(214,'Rooney',2,786.00,2,0,0,1,'https://robohash.org/quaequaeratipsum.png?size=50x50&set=set1',NULL,'Duis bibendum, felis sed interdum venenatis, turpis enim blandit mi, in porttitor pede justo eu massa. Donec dapibus. Duis at velit eu est congue elementum.',NULL,'2021-09-21','2021-10-03'),(215,'Rosalinda',1,348.00,2,0,1,1,'https://robohash.org/quoliberoofficia.png?size=50x50&set=set1',NULL,'In sagittis dui vel nisl. Duis ac nibh. Fusce lacus purus, aliquet at, feugiat non, pretium quis, lectus.',NULL,'2021-05-07','2021-03-13'),(216,'Hobie',1,387.00,1,0,0,0,'https://robohash.org/velitquasiconsequatur.png?size=50x50&set=set1',NULL,'Curabitur gravida nisi at nibh. In hac habitasse platea dictumst. Aliquam augue quam, sollicitudin vitae, consectetuer eget, rutrum at, lorem.',NULL,'2021-07-23','2021-05-12'),(217,'Karlee',2,100.00,1,0,0,0,'https://robohash.org/inexvelit.png?size=50x50&set=set1',NULL,'Suspendisse potenti. In eleifend quam a odio. In hac habitasse platea dictumst.',NULL,'2021-10-16','2022-01-08'),(218,'Brander',2,663.00,1,1,1,0,'https://robohash.org/quidemquamet.png?size=50x50&set=set1',NULL,'Vestibulum ac est lacinia nisi venenatis tristique. Fusce congue, diam id ornare imperdiet, sapien urna pretium nisl, ut volutpat sapien arcu sed augue. Aliquam erat volutpat.',NULL,'2021-09-02','2021-05-20'),(219,'Karlis',1,458.00,2,1,0,1,'https://robohash.org/necessitatibusvoluptasblanditiis.png?size=50x50&set=set1',NULL,'Vestibulum ac est lacinia nisi venenatis tristique. Fusce congue, diam id ornare imperdiet, sapien urna pretium nisl, ut volutpat sapien arcu sed augue. Aliquam erat volutpat.',NULL,'2021-05-09','2021-09-08'),(220,'Dusty',2,503.00,1,1,1,1,'https://robohash.org/molestiaeaspernaturexplicabo.png?size=50x50&set=set1',NULL,'In sagittis dui vel nisl. Duis ac nibh. Fusce lacus purus, aliquet at, feugiat non, pretium quis, lectus.',NULL,'2021-07-03','2021-09-29'),(221,'Hoebart',1,625.00,1,1,0,0,'https://robohash.org/maioresdoloreodit.png?size=50x50&set=set1',NULL,'Suspendisse potenti. In eleifend quam a odio. In hac habitasse platea dictumst.',NULL,'2021-07-30','2021-05-01');
/*!40000 ALTER TABLE `products` ENABLE KEYS */;
UNLOCK TABLES;

--
-- Table structure for table `roles`
--

DROP TABLE IF EXISTS `roles`;
/*!40101 SET @saved_cs_client     = @@character_set_client */;
/*!50503 SET character_set_client = utf8mb4 */;
CREATE TABLE `roles` (
  `id` int NOT NULL AUTO_INCREMENT,
  `name` varchar(45) NOT NULL,
  `createdAt` date DEFAULT NULL,
  `updatedAt` date DEFAULT NULL,
  PRIMARY KEY (`id`)
) ENGINE=InnoDB AUTO_INCREMENT=3 DEFAULT CHARSET=utf8mb3;
/*!40101 SET character_set_client = @saved_cs_client */;

--
-- Dumping data for table `roles`
--

LOCK TABLES `roles` WRITE;
/*!40000 ALTER TABLE `roles` DISABLE KEYS */;
INSERT INTO `roles` VALUES (1,'Admin',NULL,NULL),(2,'Guest',NULL,NULL);
/*!40000 ALTER TABLE `roles` ENABLE KEYS */;
UNLOCK TABLES;

--
-- Table structure for table `users`
--

DROP TABLE IF EXISTS `users`;
/*!40101 SET @saved_cs_client     = @@character_set_client */;
/*!50503 SET character_set_client = utf8mb4 */;
CREATE TABLE `users` (
  `id` int NOT NULL AUTO_INCREMENT,
  `name` varchar(255) NOT NULL,
  `role_id` int DEFAULT NULL,
  `email` varchar(255) NOT NULL,
  `password` varchar(255) NOT NULL,
  `phone` int DEFAULT NULL,
  `address` varchar(255) DEFAULT NULL,
  `avatar` varchar(255) DEFAULT NULL,
  `createdAt` date DEFAULT NULL,
  `updatedAt` date DEFAULT NULL,
  PRIMARY KEY (`id`),
  UNIQUE KEY `email_UNIQUE` (`email`),
  KEY `role_id_idx` (`role_id`),
  CONSTRAINT `role_id` FOREIGN KEY (`role_id`) REFERENCES `roles` (`id`)
) ENGINE=InnoDB AUTO_INCREMENT=3 DEFAULT CHARSET=utf8mb3;
/*!40101 SET character_set_client = @saved_cs_client */;

--
-- Dumping data for table `users`
--

LOCK TABLES `users` WRITE;
/*!40000 ALTER TABLE `users` DISABLE KEYS */;
INSERT INTO `users` VALUES (2,'Ariel Dorssi',1,'adorssi@gmail.com','$2a$10$bAwrvesEyYB/CwN9zkmk9enKrZLDo6UR3DGapYgVEmfDvGWROBbc.',NULL,NULL,NULL,'2022-02-21','2022-02-21');
/*!40000 ALTER TABLE `users` ENABLE KEYS */;
UNLOCK TABLES;
/*!40103 SET TIME_ZONE=@OLD_TIME_ZONE */;

/*!40101 SET SQL_MODE=@OLD_SQL_MODE */;
/*!40014 SET FOREIGN_KEY_CHECKS=@OLD_FOREIGN_KEY_CHECKS */;
/*!40014 SET UNIQUE_CHECKS=@OLD_UNIQUE_CHECKS */;
/*!40101 SET CHARACTER_SET_CLIENT=@OLD_CHARACTER_SET_CLIENT */;
/*!40101 SET CHARACTER_SET_RESULTS=@OLD_CHARACTER_SET_RESULTS */;
/*!40101 SET COLLATION_CONNECTION=@OLD_COLLATION_CONNECTION */;
/*!40111 SET SQL_NOTES=@OLD_SQL_NOTES */;

-- Dump completed on 2022-02-23 22:16:21
